"BusinessID","premium_charged"
"0000A221",61240
"0006A238",50258
"0005A383",47272
"0004A920",22394
"004A1558",41001
"003A2016",21382
"004A2103",40934
"001A2285",58616
"003A2352",44263
"008A2402",45215
"005A2531",29386
"003A3255",44389
"007A3266",60599
"008A3268",46827
"005A3329",40633
"005A4027",22746
"000A4136",25773
"003A4223",50627
"005A4241",20919
"002A4379",50356
"004A4389",75826
"002A4434",155691
"004A4821",35204
"008A4944",52913
"007A5076",20155
"001A5197",39197
"002A5398",43487
"003A5675",23430
"003A5676",50544
"003A5736",40362
"004A6708",19630
"002A7322",38535
"002A7387",46776
"003A7556",58262
"002A8043",44928
"008A8641",57850
"001A8662",23210
"006A8740",22956
"002A8920",35863
"008A8998",74760
"004A9083",38584
"008A9139",27756
"009A9836",92183
"01A10137",53777
"02A10776",25734
"03A10934",59176
"06A11177",31640
"02A11252",38089
"02A11452",35468
"07A11483",32249
"03A11515",63915
"02A11959",20740
"06A12218",69427
"06A12311",21619
"07A12480",24236
"02A12507",25920
"02A12537",69244
"02A12546",35411
"01A12624",47563
"04A12655",20846
"06A13011",45295
"01A13259",34278
"08A13261",24800
"04A13642",23100
"01A13716",40352
"01A14037",62366
"09A14140",36001
"03A14174",68240
"02A14210",105150
"00A14397",32912
"06A14730",59077
"07A15206",46451
"03A15214",30414
"05A15659",47671
"02A15664",42172
"04A15860",21491
"08A15866",19225
"06A15931",51347
"01A16658",53103
"05A16679",34328
"01A16876",26601
"03A17574",39569
"02A17581",30409
"07A17629",55705
"06A17952",79952
"03A18235",52637
"08A18555",31664
"01A18609",57314
"01A18688",29000
"03A18829",30586
"01A18899",24259
"08A19129",71464
"02A19763",30922
"08A19768",33736
"04A19864",42463
"04A20059",32528
"06A20296",42158
"06A20627",34166
"04A21430",50397
"06A22171",57527
"02A22471",101658
"05A22485",20162
"07A22629",35498
"07A22803",19263
"07A22809",34526
"07A22880",75222
"03A23140",24350
"01A23174",47235
"06A23304",38460
"06A23591",57331
"06A24004",17417
"08A24043",45368
"01A24186",42881
"07A24340",42607
"03A24438",34242
"08A24900",61309
"00A24980",30154
"03A25194",18223
"06A25405",30176
"05A25424",47028
"07A25804",101529
"05A26031",36871
"05A26298",28286
"07A27182",23423
"09A27282",54390
"06A27383",42372
"06A27732",27198
"05A27823",32747
"00A27910",33707
"02A28032",41635
"06A28238",54391
"03A28715",43110
"02A28805",35966
"06A29238",95063
"06A29743",74716
"03A29778",36681
"02A29957",55399
"08A31035",28166
"08A31405",32615
"03A31939",24609
"08A32265",35955
"03A32346",43906
"01A32581",55959
"04A32625",15738
"08A33254",45624
"06A33501",42554
"08A33549",84306
"02A33596",21855
"01A33771",52315
"03A33776",25759
"08A34064",41090
"01A34079",26152
"08A34106",50713
"08A34342",48345
"01A34516",31175
"04A34729",27822
"08A34768",103802
"04A35454",22400
"03A35927",46965
"05A36177",70966
"02A37067",61709
"04A37440",48870
"03A37543",21199
"07A38075",49477
"03A38111",24542
"00A38122",28752
"01A38314",81328
"03A38551",87503
"01A38563",28402
"01A38805",41552
"06A39108",68906
"08A39207",19182
"08A39465",38697
"07A39491",30519
"07A39663",47672
"07A39698",39843
"08A39707",36753
"08A39877",44480
"02A39900",36135
"03A40153",39740
"04A40474",41622
"06A41145",86844
"03A41289",22337
"06A41446",46314
"02A41488",65103
"05A41811",32298
"04A41839",38819
"04A41919",24800
"05A41989",34976
"07A42768",70278
"02A43141",41910
"04A43178",65699
"03A43339",32483
"02A43467",43195
"01A43668",50298
"08A44187",31602
"03A44413",61537
"07A44426",50606
"05A44881",49819
"04A45156",59881
"05A45638",29671
"04A45847",39648
"05A45860",16585
"06A46218",64969
"08A46333",27883
"05A46802",41353
"04A46944",29417
"07A46953",61502
"02A47177",21813
"01A47358",53934
"02A47875",35680
"08A48098",43250
"08A48511",76969
"01A48758",59754
"06A48772",81122
"06A48858",17445
"08A49240",76494
"06A49321",31957
"07A49603",42673
"05A49894",23369
"07A50055",71776
"01A50449",39525
"02A50616",50213
"02A50752",36275
"05A50969",32618
"00A51353",62052
"06A51371",42648
"03A51670",51827
"02A52002",29224
"02A52208",41568
"07A52233",44379
"06A52285",48155
"06A52835",32426
"05A53495",49904
"06A53679",43883
"05A53875",38263
"05A53899",15690
"06A53981",55690
"04A54411",36956
"05A54499",41520
"06A54500",40835
"02A54513",57081
"07A54933",33997
"02A55285",42303
"08A55823",20236
"01A55947",19799
"02A56091",61957
"04A56436",32263
"07A56521",54282
"07A56889",23081
"09A57188",28656
"04A57496",78978
"01A57620",38715
"01A57651",54483
"05A57660",60182
"06A57819",49668
"09A57936",46319
"07A58041",70653
"02A58044",41199
"02A58134",39137
"05A58305",75932
"03A58586",38824
"08A58697",26383
"07A58763",38667
"01A59130",21963
"07A59330",49053
"03A59621",26294
"06A60282",27141
"03A60316",27249
"08A60437",28770
"01A60702",52489
"05A60932",49484
"03A61032",41412
"08A61105",30064
"01A61493",73122
"08A61586",103555
"07A61900",51562
"06A61953",39153
"07A61971",19159
"09A61981",24766
"05A62883",88322
"02A63032",66509
"00A63190",43387
"05A63552",33730
"04A63660",92200
"09A63885",20845
"05A63995",36668
"04A64440",36127
"05A64496",35272
"01A64738",25199
"07A64905",22734
"00A65546",67181
"04A65941",44300
"06A66442",41549
"05A67053",42109
"02A67274",93001
"03A67351",40987
"03A67669",39634
"02A67828",79596
"09A67901",33032
"02A68105",50725
"07A68138",23967
"06A68171",18523
"00A68454",38686
"01A68626",42350
"08A68757",41564
"02A69139",30747
"02A69345",55769
"06A69368",28438
"02A69535",32389
"07A70030",45014
"04A70831",38640
"03A70835",24168
"02A71033",72867
"07A71218",29175
"06A71777",24933
"09A71948",48726
"08A72020",40624
"03A72096",42168
"04A72156",41222
"00A72489",65564
"09A72631",42272
"06A72820",41706
"02A72993",44312
"01A73009",35105
"06A73051",67914
"02A73230",51457
"03A73243",29052
"01A73577",34913
"06A73639",63946
"07A74212",33123
"05A74334",31902
"01A74351",33961
"01A74656",31187
"05A74699",37693
"04A74854",39044
"05A75184",20097
"01A75579",57352
"04A75757",23580
"09A75783",19654
"08A76317",40884
"08A76360",56446
"08A76385",62734
"03A76399",53146
"03A76511",41682
"02A76747",45028
"04A77150",41879
"03A77329",37175
"08A77610",36926
"01A77874",45180
"02A78018",20982
"07A78066",30972
"01A78684",31221
"02A78881",73200
"09A79024",40236
"00A79068",37284
"05A79639",51463
"06A79681",23853
"01A79927",29649
"05A80123",59648
"04A80253",49143
"01A80489",32393
"05A81047",43044
"00A81182",24533
"03A81247",22100
"02A81542",60386
"03A81690",46286
"03A81867",27886
"04A82239",29768
"03A82924",39630
"01A83041",36808
"07A83148",46024
"04A83174",65716
"06A83305",19359
"08A83630",36781
"07A83656",16812
"02A84025",30121
"02A84736",24690
"01A84803",70653
"06A85658",56047
"05A85733",40854
"08A85872",55748
"01A86043",41124
"08A86110",46392
"02A86280",77575
"03A86344",26798
"02A86355",33995
"08A87232",54067
"07A87415",36993
"08A87595",27643
"04A87664",20904
"02A87915",56577
"01A87958",52823
"06A88150",42220
"08A88311",44835
"08A88725",32500
"04A88776",54893
"07A89788",24454
"04A89840",45733
"06A90059",42798
"02A90270",58833
"05A90845",22211
"06A90948",30044
"03A91207",64460
"00A91227",32245
"03A91400",56345
"02A91753",50557
"08A91902",42587
"03A91996",39427
"07A92219",45833
"07A92275",38210
"07A92580",39895
"06A92628",26826
"08A92794",33521
"08A92868",29147
"03A93338",55331
"00A93339",61320
"01A93350",50832
"06A93543",62673
"01A93709",28006
"07A94033",56590
"02A94054",26608
"06A94077",25490
"01A94106",28165
"01A94259",22833
"07A94595",27752
"00A94810",64142
"05A95168",68552
"01A95354",41875
"01A95554",25898
"04A95919",27542
"04A96051",66919
"01A96149",31502
"07A96168",44350
"01A96946",54606
"05A96993",34235
"02A97139",17497
"02A97257",47805
"05A97519",22080
"01A97755",21508
"07A98087",61669
"04A98201",21112
"03A98295",44937
"05A98606",37038
"02A98613",23092
"03A98848",27176
"04A98867",46449
"02A98903",31007
"06A98930",34756
"03A99000",24708
"04A99192",66155
"06A99723",61537
"01A99853",54410
"03A99978",21066
"6A100001",27313
"2A100058",35375
"5A100064",23492
"5A100196",32247
"8A100606",22951
"1A100730",20367
"6A100818",20969
"4A100875",52779
"1A101346",29647
"0A101357",35743
"2A102068",48712
"2A102314",36550
"4A102330",32398
"3A102772",66056
"1A102930",59392
"4A102940",45394
"7A103439",26677
"8A103597",35252
"2A103656",58377
"6A103822",43344
"5A103849",33695
"2A104057",83330
"2A104515",31490
"2A104552",50397
"1A104631",20026
"6A105007",38511
"8A105092",37693
"5A105113",18753
"8A105185",29288
"1A105204",36108
"4A105286",47332
"1A105370",37328
"3A105375",105667
"9A105717",50992
"1A105732",32299
"1A105764",77373
"4A105821",60199
"5A106303",26053
"5A106465",65551
"7A106577",29311
"5A106741",45354
"4A106908",77242
"3A106946",43395
"2A107196",32155
"4A107879",32369
"9A107948",80036
"7A108053",55962
"1A108346",84804
"0A108349",46372
"5A108565",34764
"3A108857",44320
"4A108962",44672
"4A109176",32792
"5A109353",28323
"2A109363",41449
"3A109532",38839
"4A109793",33287
"3A110936",88039
"0A111384",35619
"1A111478",52915
"3A111647",31648
"2A111981",37042
"7A112024",47577
"7A112072",48953
"3A112271",44949
"5A112758",19870
"7A113187",36589
"4A113286",74230
"2A113313",28959
"2A114021",41018
"1A114247",64936
"3A114331",31462
"2A114476",39643
"5A114951",73458
"6A115173",48217
"3A115743",37812
"1A115750",30155
"5A115758",62857
"3A115900",46583
"2A115925",30399
"4A116208",19591
"9A116333",46100
"1A116574",53751
"3A116660",44792
"7A116702",35980
"1A116990",60210
"7A117257",52301
"0A117270",19870
"4A117496",24394
"2A117540",84646
"0A117730",31736
"3A117771",62943
"7A117893",42300
"4A117937",37575
"2A118387",36009
"5A118402",40913
"0A118658",35639
"1A118864",36606
"3A119036",59784
"2A119475",65415
"4A119980",30507
"2A119997",39281
"2A120002",75937
"8A120031",58300
"4A120224",24821
"4A120356",35667
"4A120367",44906
"7A121721",47953
"9A121932",51201
"6A122195",61490
"0A122266",75305
"5A123056",37904
"4A123695",26428
"4A123993",38611
"3A124218",30621
"7A124352",22459
"5A124553",82482
"0A124606",101636
"8A124721",46037
"7A124736",67573
"8A125007",82992
"8A125077",101951
"0A125327",32200
"8A125338",34728
"3A125474",18570
"2A125783",26653
"1A125837",45945
"5A126012",52729
"3A126397",38512
"7A127391",55351
"2A127605",30251
"2A127670",50975
"4A128098",27151
"2A128695",42670
"8A128734",76795
"1A129222",65746
"7A129360",46620
"0A129769",24031
"0A130088",57912
"5A130420",38256
"5A130515",53542
"1A131107",37319
"5A131236",43388
"9A131323",16762
"8A131854",26016
"5A131937",19410
"7A132124",74623
"8A133513",15732
"7A133581",39375
"1A133755",53897
"3A133895",38906
"8A134117",30938
"6A134258",67737
"7A134286",60783
"6A134377",35840
"0A134562",49592
"1A134741",84279
"3A134832",27751
"8A134885",36526
"8A135055",95624
"7A135339",57660
"7A135702",63980
"5A135782",39120
"3A135846",44534
"1A136269",39151
"7A136287",61696
"1A136630",32846
"4A136980",38348
"7A137257",49754
"1A137333",45503
"6A137607",42114
"4A138344",79784
"1A138641",37485
"1A139012",26612
"8A139611",36438
"8A139616",37913
"1A139710",61454
"6A139905",21661
"2A139938",40729
"6A140483",55959
"3A140606",36068
"3A140823",48670
"5A141748",61599
"6A142289",50955
"7A142814",24160
"2A142862",58200
"5A142922",29667
"1A143019",43661
"7A143428",38594
"7A143551",52325
"4A143738",36685
"3A144411",36076
"6A144566",52556
"1A144865",37013
"3A144910",25330
"5A144940",24056
"3A145204",44092
"4A145379",32572
"7A145508",16551
"2A145514",31696
"5A145695",30476
"3A145702",52523
"1A145851",16833
"4A145986",78499
"6A146059",14687
"5A146309",100006
"0A146326",29296
"8A146388",46218
"3A146473",25403
"9A146522",77567
"2A146720",41053
"5A146793",85242
"5A146941",44108
"3A147241",23192
"1A147290",41969
"0A147835",56787
"3A148000",37905
"5A148118",28639
"6A148295",42709
"7A148428",53992
"3A149392",50406
"7A149571",20573
"6A150262",40501
"6A150565",46609
"7A150612",31044
"7A150806",23910
"2A150845",25939
"8A150853",55648
"2A150866",23059
"7A151186",27977
"2A151405",44855
"7A151911",40456
"4A152581",46451
"4A152867",39618
"6A153310",51182
"3A153445",37028
"7A153654",31384
"5A153813",39113
"8A153900",60206
"6A154087",46290
"4A154252",20459
"7A154256",55904
"5A154345",35579
"2A154430",44068
"2A154704",43126
"2A155204",72052
"5A155215",59168
"5A155474",36756
"3A155477",45868
"1A155512",17257
"7A155738",23541
"5A155853",42194
"2A156479",37767
"5A156712",37715
"6A157052",25665
"4A157116",76729
"9A157197",49855
"7A157218",35064
"1A157294",45769
"3A157469",52385
"3A157964",70790
"9A158131",23164
"5A158300",50007
"3A158417",20909
"2A158453",68814
"8A159136",29745
"3A159382",23171
"6A160146",33200
"7A160344",37977
"7A160359",60787
"8A160416",52625
"7A160425",59440
"2A160542",23101
"3A160595",35589
"4A160795",30904
"3A160872",36780
"2A161011",47459
"3A161053",68789
"8A161113",19865
"4A161136",16799
"6A161170",35650
"1A161481",45842
"1A161611",26553
"8A161713",57947
"1A161816",47727
"7A162065",19365
"8A162479",31336
"7A162648",33605
"2A162929",57625
"3A163254",42711
"0A163386",27637
"1A163496",40254
"3A163608",80835
"4A163750",60566
"8A163781",29188
"6A163933",33317
"7A164340",43375
"7A164844",44483
"1A164869",49185
"8A165058",29951
"6A165366",54666
"6A165978",38521
"1A166263",27598
"2A166452",54713
"8A166540",18622
"5A166798",27367
"4A167431",31876
"7A167470",27711
"2A167548",27940
"7A168151",49005
"2A168304",71957
"5A168420",29820
"9A168432",28819
"6A168529",50145
"5A168785",20658
"2A169290",41033
"7A170051",39920
"0A170059",21270
"7A170082",33869
"8A170496",35759
"8A170978",51659
"1A171267",61401
"5A171310",48197
"4A171326",20198
"3A171336",47037
"7A171458",78286
"4A171780",19524
"8A172058",54989
"3A172443",45004
"6A172782",24844
"8A173530",35665
"6A174767",35650
"6A174896",37436
"6A175031",19424
"5A175105",64372
"4A175331",28450
"4A175491",31172
"7A175686",53010
"7A175825",35778
"6A175836",32903
"2A175912",38804
"3A176289",37077
"8A177085",38592
"3A177513",62185
"6A178157",76072
"6A178181",42507
"7A178184",45345
"3A178544",31844
"6A178571",15791
"4A178816",58826
"5A179118",81919
"8A179350",33036
"0A179845",46967
"3A180068",34683
"3A180215",37554
"1A180284",60156
"8A180615",35998
"4A180706",35390
"7A180715",65993
"1A180912",59113
"5A181099",51992
"5A181295",27713
"6A181382",26529
"7A181741",17903
"7A181855",49663
"5A182099",17719
"6A182227",31498
"7A182240",24847
"7A182675",31036
"6A182863",22298
"7A183268",115622
"3A184729",58650
"3A184752",40914
"4A184768",63221
"8A185187",75108
"1A185323",50199
"8A185667",73825
"8A185704",18762
"4A185751",46798
"8A185963",50279
"4A186179",35301
"2A186308",59069
"3A186959",44004
"4A186966",42038
"8A187626",46443
"6A187627",68399
"6A187658",40204
"1A188148",47723
"8A188190",30266
"7A188520",39902
"2A188817",36466
"8A188979",36433
"4A189021",79337
"1A189269",58629
"7A189445",49656
"5A189772",41050
"8A189922",36395
"2A189933",33034
"1A189956",58012
"7A189994",34338
"3A190201",36678
"3A190845",69862
"9A190908",29317
"7A191017",15480
"3A191157",48718
"3A191258",67387
"2A191439",43126
"5A191595",29165
"4A192494",45217
"1A192757",37132
"7A192763",37136
"3A193311",24619
"6A193520",25022
"7A193573",51862
"7A193876",19527
"4A193970",46783
"5A194233",46971
"1A194275",90395
"4A194649",53894
"6A194798",25870
"3A195301",35249
"6A195408",37609
"8A195549",49021
"7A195677",28971
"2A195817",73550
"3A195884",19758
"2A196012",30479
"3A196676",42555
"8A196768",35324
"4A197230",20283
"6A197576",60088
"7A198022",53722
"1A198100",61602
"4A198685",79278
"5A198742",57542
"2A198902",65026
"5A199462",27385
"1A199543",39814
"6A199555",48009
"6A199661",21627
"7A199903",61243
"2A200072",64775
"2A200226",32305
"2A200227",42788
"2A200440",40324
"8A200759",63439
"3A201508",28863
"4A202174",31155
"0A202226",45808
"4A202310",49153
"2A202348",23469
"9A202361",53310
"8A202650",28465
"3A202672",55999
"1A202694",28260
"4A202709",38688
"7A202913",34822
"4A202963",72220
"4A203032",27247
"5A203098",65272
"8A203178",17647
"0A204354",33307
"3A204383",19887
"3A204654",39985
"3A204706",35929
"6A205328",19490
"8A205347",19092
"3A205380",24605
"5A205636",37093
"5A205775",37126
"2A206441",45096
"6A206563",23717
"8A206688",36850
"6A206757",55921
"4A207021",70853
"3A207122",25152
"5A207225",69936
"7A207686",43591
"6A208081",107226
"3A208098",47823
"3A208110",47465
"3A208347",28994
"3A208578",33842
"4A209316",82982
"7A209330",20733
"1A209695",47331
"8A209720",28550
"1A209763",87948
"2A209783",75231
"3A209957",41482
"7A209973",49484
"6A210576",74953
"3A210715",65487
"4A211091",42790
"5A211095",36711
"2A211254",29267
"5A211457",38905
"6A211593",37495
"3A211610",52921
"4A211689",31818
"6A211749",40098
"4A212209",30043
"5A212399",42923
"3A212476",38930
"8A212825",55657
"7A212948",23694
"2A213090",62855
"6A213180",25082
"1A213491",44371
"5A213935",56581
"5A214177",41413
"1A214293",63310
"5A214795",44121
"6A215028",47416
"4A215052",23154
"7A215211",63597
"5A215315",42756
"6A215887",63593
"7A216205",49482
"4A216434",23612
"5A216582",21345
"4A216735",47912
"1A216894",64478
"0A216927",37578
"3A216967",30112
"2A217131",30439
"2A217467",35486
"8A217562",58630
"1A217588",28475
"5A217772",58203
"7A218177",66484
"8A218245",41400
"1A218328",32562
"7A218426",24544
"1A218823",66287
"8A218952",19118
"1A219099",52784
"9A219242",23613
"4A219286",37161
"2A219500",55431
"2A220231",27003
"6A220348",59649
"3A220378",51312
"1A220881",46878
"8A221325",53922
"4A221372",26985
"3A221397",42455
"8A221466",37878
"5A221505",81901
"4A221750",44900
"8A221907",36871
"3A222645",24877
"5A222811",32503
"8A223104",29406
"2A223192",78830
"6A223221",21746
"4A223320",20843
"8A223470",29924
"2A223543",43140
"4A223643",37282
"3A223743",53837
"5A224014",22763
"2A224301",25679
"6A224334",37749
"2A224388",53628
"3A224806",65500
"2A225158",57585
"5A225230",50039
"8A225341",68939
"1A225386",44490
"4A225563",27164
"3A225659",34920
"8A226112",62153
"8A226196",20183
"3A226365",36491
"4A226375",51226
"3A227069",24689
"1A227314",57246
"5A227709",23088
"8A227730",13274
"1A227946",25474
"7A228032",33950
"5A228072",28042
"2A228406",27724
"1A228447",44730
"4A228676",40822
"7A228799",32181
"6A228846",56911
"5A228856",20080
"3A228919",24802
"7A229750",42221
"3A229843",40039
"3A230062",58111
"6A230327",70669
"1A230575",37185
"4A230785",48985
"0A230824",74057
"0A230909",22231
"4A231109",64083
"6A231362",60592
"8A231715",67878
"2A232023",55057
"1A232146",63519
"3A232150",36590
"2A232316",44484
"8A232565",24276
"9A232578",37732
"2A232667",68770
"4A232807",36971
"2A232825",62391
"4A233016",64742
"7A233523",26940
"7A233583",41581
"8A233614",87490
"8A234379",42153
"4A234606",45214
"2A234653",42303
"1A235030",45582
"5A235196",76664
"6A235534",48133
"3A235933",56202
"1A236402",66512
"5A236549",21402
"6A236685",30682
"2A236896",59745
"8A236955",65619
"2A237039",23468
"9A237275",26214
"7A237334",18408
"4A238038",33709
"7A238424",44538
"5A238725",75546
"7A238779",45504
"3A238799",42206
"4A238955",57031
"4A239302",29783
"3A239582",14385
"7A241296",99293
"9A241488",81508
"4A241529",65682
"8A241773",39502
"3A242384",56383
"5A242452",27804
"2A242683",39294
"7A242995",34294
"8A243152",35539
"7A243189",54957
"8A243196",39664
"2A243225",20372
"5A243358",24874
"6A244336",17908
"2A244641",26980
"3A244832",49436
"4A244882",15465
"8A244978",30089
"1A245060",23183
"1A245833",63695
"2A245879",65596
"1A246681",97387
"6A247267",32470
"3A247463",15117
"3A247697",29305
"3A247865",39236
"8A248095",27395
"1A248122",72528
"5A248139",32317
"7A248243",52349
"8A248859",63050
"2A248970",33431
"3A248987",50715
"1A249174",28485
"8A249322",47406
"4A249342",27936
"1A249679",26740
"00003A17",47625
"0001A225",36333
"0002A923",48303
"006A1175",21427
"002A2838",35643
"007A2846",85239
"004A3071",44772
"005A3332",44646
"007A3429",58159
"001A3951",64574
"008A4028",36005
"005A4164",54730
"007A4437",66101
"007A4742",36302
"003A4928",47404
"006A6056",75868
"003A6333",54181
"006A6492",40998
"008A6587",23592
"001A7266",53214
"003A7273",38169
"002A7324",24715
"004A7570",32638
"004A7594",32337
"003A8888",67710
"03A10031",41595
"02A10059",51617
"06A10865",48520
"08A10899",66500
"03A11685",28882
"03A11938",33485
"03A12396",38507
"08A14080",51818
"04A14341",21374
"05A14649",20839
"02A14778",53251
"06A15122",53090
"03A15534",41641
"02A15912",88479
"00A17407",32466
"08A17778",30620
"08A17939",47788
"08A18072",36485
"08A18582",41080
"06A18914",23523
"06A18940",18366
"05A19151",33218
"04A19458",58564
"08A19602",67389
"03A20389",67663
"08A21570",79847
"02A21770",42277
"08A22357",43038
"05A22617",28397
"06A23580",113796
"06A24068",42940
"06A24356",49774
"03A26442",44810
"04A27708",59342
"07A27937",28230
"01A28529",48092
"07A28681",31202
"04A29119",30942
"04A30340",42092
"07A30458",74756
"02A30929",24661
"08A31304",42364
"06A31986",29218
"06A32035",24140
"04A33196",84178
"04A33292",35440
"02A33634",36643
"03A33842",28482
"08A33844",35545
"08A34050",55271
"04A34562",50654
"09A35923",49326
"04A38152",47169
"06A38165",41651
"04A38740",23757
"07A38776",54975
"08A39318",46224
"01A39354",56275
"02A39719",47528
"03A40323",61966
"04A40422",30721
"04A41129",68260
"06A41164",25564
"04A41167",41846
"05A41732",41090
"08A41765",50850
"03A41976",51727
"01A42841",25544
"06A42844",39136
"04A43226",32093
"08A43285",35204
"05A43429",51413
"05A43491",34708
"09A43564",58709
"08A43910",44012
"05A45519",21678
"03A45673",24442
"00A46019",29775
"07A46038",64592
"01A46086",47820
"05A46120",60044
"04A46241",75519
"06A47638",28604
"08A47652",27022
"08A47964",33635
"02A48434",52984
"05A48516",69403
"04A49031",27556
"01A50528",60008
"01A51654",58264
"04A52357",42928
"01A53128",20146
"04A53671",87256
"02A53974",46725
"04A54538",25068
"01A54703",43830
"01A54884",27284
"06A55379",38848
"05A56041",68147
"05A56403",25285
"05A56405",58644
"05A56713",44433
"06A57724",31797
"05A58310",24908
"05A58912",59455
"05A59784",23395
"04A61468",34744
"01A61530",34728
"02A61899",78147
"07A62283",48372
"05A62781",39663
"03A63659",15987
"05A63862",38312
"07A64596",94418
"08A65501",25040
"03A65613",72450
"07A66928",27573
"08A67114",50561
"09A67325",47056
"06A67357",56685
"04A67992",50623
"08A68196",83090
"09A69991",59537
"07A70257",62913
"06A70530",56710
"05A70739",69138
"08A70751",52402
"03A71100",85483
"00A71414",32639
"03A71433",46460
"04A71481",37204
"06A71620",69469
"03A72083",23183
"09A72306",44186
"03A72372",47225
"02A73634",28201
"06A74104",23818
"05A74124",29363
"04A74309",31782
"07A76310",37713
"05A77822",39785
"05A77857",37468
"07A78392",60893
"06A79745",39437
"07A79863",57101
"03A80075",54029
"07A80944",40406
"07A80970",78848
"02A81606",72027
"05A81793",44759
"05A82420",55369
"03A82626",36280
"02A82945",52873
"02A83962",72793
"05A84322",42343
"05A84476",55006
"05A84480",75571
"06A84976",61816
"04A87531",76084
"06A88338",30437
"06A88616",53239
"01A89546",73618
"01A90256",32449
"03A90557",31172
"08A90744",50509
"07A91963",35947
"05A92682",135819
"06A92887",78080
"02A92922",21656
"01A93011",44453
"01A93341",50364
"05A94867",55603
"01A96221",20046
"03A96707",68636
"04A96959",39839
"01A97254",51557
"02A97446",61971
"06A97508",65956
"01A97517",23841
"05A97931",65590
"04A98478",45008
"06A98595",38884
"8A100348",36110
"7A101049",47505
"5A101247",83097
"2A101408",55361
"4A102128",31160
"4A102147",46257
"2A102210",46770
"1A103007",176318
"7A103026",63154
"5A103175",87544
"4A104008",48552
"8A104059",54358
"4A104098",34090
"7A104739",91307
"4A106390",34676
"5A106583",98072
"6A109154",63635
"6A110617",25952
"8A111023",53920
"2A111165",41530
"5A111753",21868
"3A112189",38880
"6A112712",57697
"5A113166",101093
"1A114057",26076
"1A114102",121873
"6A114148",52248
"2A114280",69142
"6A115524",21123
"7A115932",54012
"5A116794",34526
"4A116913",41441
"2A117237",66384
"7A117452",66358
"8A117477",42327
"1A117687",35554
"5A117861",47979
"1A118017",105083
"1A118473",76165
"6A119204",54065
"5A119222",58619
"6A120755",51257
"7A121215",29325
"6A121464",66641
"2A121710",58495
"8A122467",57730
"3A122508",63952
"8A123074",34862
"1A123390",34330
"4A123934",62943
"5A124416",70924
"0A125016",50382
"0A125142",52899
"4A125239",27539
"2A125243",31029
"8A125505",32660
"4A125581",47304
"8A125854",80541
"1A125890",82698
"1A126490",47336
"2A126728",19714
"3A127449",49622
"1A127553",34374
"3A127614",40302
"3A127891",85389
"7A127924",42136
"2A128610",27886
"6A129749",59723
"8A129873",32378
"7A130967",33460
"1A131136",48372
"9A131200",61527
"8A131276",34566
"4A131391",35193
"3A131467",40387
"1A131688",19065
"3A132223",96158
"3A132401",90033
"4A132430",51246
"5A133169",65199
"5A133454",49551
"8A134112",27784
"7A134407",71326
"1A134473",79460
"7A134567",22771
"6A135741",23689
"2A135853",38090
"6A137989",54636
"1A138667",44831
"7A139696",99833
"8A140190",113404
"6A140343",33171
"1A141046",25456
"1A142085",51057
"3A142152",32816
"8A142417",25912
"8A142856",43166
"6A142859",110142
"8A143645",67611
"1A143761",32006
"0A144036",43986
"2A144364",57920
"4A146191",32044
"6A147169",42185
"1A147572",50204
"9A148284",41285
"2A148469",53311
"1A148489",102291
"8A149691",34674
"1A150415",46179
"7A151371",62182
"5A151427",47642
"2A151841",26800
"3A153629",47814
"6A153949",23062
"2A155184",67445
"6A155287",41195
"3A155634",59502
"6A156043",39275
"1A156808",49889
"4A156950",31078
"6A157074",43312
"6A157201",37337
"5A157470",20434
"5A158189",43307
"1A159367",40482
"4A161076",66896
"2A161571",49445
"1A162180",70120
"5A162594",40230
"2A163288",50661
"5A164487",47008
"8A164543",42003
"8A164552",29471
"0A165023",37157
"0A165711",44101
"2A165930",27160
"1A166411",29806
"7A166598",34236
"5A166622",33627
"2A166973",45581
"4A168104",95920
"6A168579",40184
"5A169007",71943
"6A169140",39834
"8A169302",55041
"8A170174",45196
"2A170688",63514
"3A170956",75731
"7A171718",35090
"7A171898",62649
"6A172960",51232
"3A174673",58132
"8A174861",47846
"7A175129",22429
"3A175757",53451
"7A176323",37707
"7A176325",39735
"8A176673",32856
"1A176823",36416
"8A177440",22365
"7A177504",28398
"1A179153",44469
"1A179281",57036
"8A179428",41613
"2A179600",50231
"8A180114",23884
"3A180518",57088
"8A180597",34872
"6A180812",58704
"6A181215",36841
"5A182258",69082
"9A182831",28771
"8A183189",33004
"6A183271",92618
"4A184070",32311
"1A184312",49160
"7A184631",18221
"5A185331",42992
"3A185979",30917
"3A186700",47189
"1A186883",49917
"4A187434",40672
"4A187508",39671
"1A188058",61380
"0A188089",17217
"4A188526",58959
"1A189682",97817
"9A191490",40376
"4A192593",56263
"1A193082",45331
"4A193498",18882
"8A193583",104546
"8A194714",41913
"4A195072",45976
"3A195673",66902
"6A195902",42044
"4A196058",44730
"4A196430",64539
"4A196611",56288
"4A197053",23860
"3A197400",58462
"2A197654",56998
"1A197717",59341
"2A198407",48541
"1A198790",40875
"5A199194",41117
"3A199312",40913
"1A199916",24302
"1A200123",51714
"4A201118",54387
"1A202199",62093
"1A203902",48638
"8A203920",51773
"6A203997",57556
"8A204081",57025
"7A204316",88031
"1A204415",18246
"7A205120",20928
"0A205597",51166
"7A207608",26767
"9A207873",50789
"4A208205",53948
"3A208380",45190
"7A208485",107253
"6A211733",45577
"8A211757",79027
"8A212582",48957
"2A214036",80226
"3A214118",41030
"6A214363",34290
"7A215457",26338
"4A215577",86314
"1A215767",52691
"1A216692",25406
"1A216707",60489
"5A217796",64625
"3A218451",45923
"7A218608",45649
"8A218716",52325
"7A219161",73837
"5A219560",47897
"8A220687",45178
"6A220900",54963
"4A221621",26526
"8A221960",53950
"5A222264",25084
"5A222550",46502
"7A223036",39152
"3A223704",40758
"8A223819",20634
"6A223905",43626
"4A224512",51815
"7A225391",27610
"6A225783",48610
"2A226203",48060
"7A226282",24694
"8A226499",39709
"8A226671",53611
"0A226863",42191
"5A227345",62179
"2A227356",75464
"9A227697",65442
"7A228459",70434
"3A228700",68394
"8A228826",43524
"5A229473",32187
"5A229770",33912
"8A230473",34919
"6A231212",38644
"2A231549",28370
"1A231569",45062
"1A231717",25748
"2A232007",83102
"7A232263",33158
"1A232318",30460
"2A233667",53529
"2A234171",57630
"1A234363",31186
"8A234549",52793
"6A235200",50771
"8A235894",42326
"7A236236",36671
"6A236470",34907
"8A237016",52783
"9A237461",23234
"7A237524",46082
"7A238067",35218
"0A238300",49187
"8A238368",54830
"4A238370",80429
"6A238509",64085
"9A238904",55150
"2A238983",32193
"7A240546",54637
"7A240583",36408
"6A241132",61490
"6A241135",69132
"5A241245",29909
"5A241249",52973
"2A241451",31130
"6A241477",43923
"8A242079",21057
"8A242553",69868
"5A243693",42389
"2A244086",74640
"5A245979",41795
"7A246058",32874
"6A246729",57249
"3A247688",22457
"8A247996",50719
"7A248344",35556
"3A248596",44150
"5A248942",84333
"8A249104",75149
"3A249510",28197
"008A6209",50395
"007A7016",16569
"003A9864",80086
"05A23016",32961
"04A23409",43919
"04A23539",81230
"03A24188",55247
"05A25374",47260
"01A25558",48889
"08A28323",56763
"05A28870",26078
"05A29203",76966
"01A36546",76005
"08A40869",63159
"04A49183",45023
"03A49537",51655
"07A49713",84087
"02A50288",63798
"03A56313",79204
"04A57075",34091
"03A57355",42121
"08A57374",44047
"02A59949",64574
"09A63237",28177
"05A64552",36600
"06A67173",45429
"05A69658",73985
"05A76471",47659
"01A79635",40062
"05A85882",22557
"02A88025",26286
"07A89659",22314
"04A93337",52899
"08A94597",66446
"08A95322",27380
"8A101307",23587
"3A107950",77968
"7A110512",41550
"7A110709",36547
"1A110732",49233
"0A111180",69555
"2A114385",52464
"5A118794",29181
"4A123289",60413
"6A126709",48482
"3A127959",39677
"0A128528",23532
"5A132160",38811
"7A134704",76326
"9A140668",31086
"1A144495",43459
"2A152706",54962
"8A153144",29966
"8A153282",10443
"7A155159",51618
"3A156398",56464
"5A157066",50230
"5A165061",38196
"5A165707",52717
"4A167526",31088
"5A168370",48866
"5A173811",10703
"7A174075",41587
"7A174112",42065
"8A175873",78882
"4A176747",44382
"4A178560",46260
"2A182872",25107
"1A183953",34845
"0A188019",54020
"8A188081",50755
"8A193171",29446
"5A193387",57425
"6A193923",55635
"8A194190",43306
"4A197574",45752
"5A197806",95502
"9A198570",31741
"6A198759",71290
"4A199072",38357
"6A203852",26156
"7A205040",29216
"7A205393",53500
"5A205625",31254
"5A213418",27816
"5A216031",42070
"8A216810",35346
"1A217789",43379
"4A220770",32757
"4A221971",27300
"2A227171",41716
"1A228340",89156
"3A228366",44915
"2A229937",63442
"4A230895",32720
"0A231322",58174
"3A232904",39003
"2A234756",28577
"4A241856",69705
"4A242306",57298
"2A245274",83811
"7A245582",104452
"9A246531",39124
"02A12325",44248
"04A23220",15971
"08A35250",15711
"05A44876",24144
"03A47675",22155
"07A75669",34603
"02A75696",42933
"07A76187",48710
"07A98969",65262
"6A105120",40245
"8A107866",28465
"5A109929",24016
"7A116933",21940
"3A118945",78945
"6A119606",24497
"7A122816",58326
"4A123075",20264
"3A125491",39681
"1A133337",39771
"4A141470",27198
"3A142764",21080
"3A148283",43231
"8A148602",20501
"5A158980",17538
"8A161877",39246
"5A173528",28111
"9A188842",59877
"1A189666",17588
"4A215530",65575
"6A241698",34968
"1A244650",34854
"007A7348",43770
"008A7589",51660
"005A9727",44550
"07A10697",62764
"08A10940",60887
"03A13228",32585
"07A14098",99302
"01A15909",17558
"04A16072",28880
"08A16541",49436
"02A19184",55837
"05A20622",46590
"04A21473",71831
"07A23934",32848
"04A25176",13146
"06A28966",142823
"03A34723",37089
"05A37389",25212
"08A40149",118465
"01A40887",14131
"07A41461",81839
"09A46771",70429
"00A48573",14643
"01A50074",65384
"06A52653",42225
"07A54859",118953
"01A57837",39835
"03A60139",23723
"08A61693",34679
"09A63812",103825
"07A66335",25697
"07A66643",72430
"08A66738",29670
"03A67730",35263
"02A73618",45658
"05A75883",51076
"07A76077",8683
"04A78098",37702
"03A80100",65954
"05A80526",23290
"04A83569",114754
"03A84412",52609
"02A87513",44959
"03A90106",44641
"03A91432",102424
"01A93191",33812
"06A97689",62071
"04A98349",69480
"04A98497",43221
"08A99032",37869
"02A99528",35182
"7A104106",107208
"3A104720",36843
"5A107096",54217
"2A107670",51059
"9A108274",43153
"7A115052",53690
"5A117768",53204
"1A119814",37190
"3A121475",104189
"3A122298",66830
"7A123766",21433
"4A124877",27692
"6A126758",12936
"3A130121",29985
"4A136397",47190
"8A137983",9399
"2A140189",26959
"8A140953",71321
"9A142900",47764
"7A143323",26024
"2A148176",120915
"9A152351",37772
"5A152367",14858
"1A154542",54660
"2A155134",61552
"2A157850",45717
"1A158525",41747
"6A161755",39782
"0A165724",53796
"6A169104",78439
"4A169438",28564
"6A169957",72594
"2A170162",13441
"2A173703",73934
"5A174643",80304
"2A177398",28444
"6A179079",38178
"2A179306",30005
"4A179650",68811
"6A180416",39497
"7A181061",7071
"4A181794",12311
"6A181924",63504
"6A182139",25018
"2A188016",29015
"3A192793",92317
"5A192866",41463
"3A193927",61080
"1A195414",23837
"1A196212",74113
"5A197526",41692
"9A199764",9007
"4A200347",38761
"6A204520",30273
"2A207124",81132
"7A208500",64566
"8A209744",35933
"5A210078",15005
"2A213049",72072
"3A214136",20909
"3A217851",100001
"0A223064",63496
"3A224198",45342
"9A225506",70265
"6A229306",45162
"5A231305",52007
"5A235531",9524
"7A237717",119096
"6A243322",23121
"9A244666",12106
"6A246854",65526
"00003A35",36261
"0006A149",39676
"0005A594",25777
"0005A842",23442
"0004A922",37926
"001A1037",43758
"007A1121",26783
"006A1236",126632
"005A1491",52758
"006A1667",22313
"004A1728",42950
"004A2306",56566
"006A3101",60490
"003A3327",53976
"006A3371",29769
"002A3457",39525
"007A3633",25288
"005A4123",26904
"004A4353",25101
"006A5235",45903
"002A5901",83967
"005A5953",59409
"005A5970",43070
"001A7093",44359
"001A7334",45104
"003A7799",27055
"007A7844",32083
"007A7962",126642
"006A8068",48528
"009A8081",33688
"002A8580",27174
"005A8592",18484
"009A8626",18430
"002A8812",66683
"001A8934",40044
"007A9002",30307
"001A9181",97526
"006A9182",24895
"08A10268",45353
"07A10341",32061
"03A10397",64833
"05A10446",29824
"07A10735",30477
"07A10824",66265
"08A11036",61851
"03A11139",39389
"06A11587",68157
"04A11823",70209
"04A11889",30083
"07A11939",23131
"06A12467",50223
"04A12550",35670
"02A12687",19872
"02A12709",30195
"07A13082",51638
"06A13900",15135
"05A15357",32269
"07A15917",34689
"04A16302",36877
"04A16412",40597
"05A16637",49674
"01A16924",32062
"01A17277",35687
"05A17534",24142
"06A17660",80719
"08A17685",56380
"02A17689",29490
"07A17954",58819
"02A18074",39370
"04A18405",30825
"03A18659",23218
"04A19417",27445
"05A19421",37672
"08A19466",23242
"05A19815",66421
"06A19839",54091
"03A19946",41057
"01A20072",47792
"06A20271",37967
"03A20351",21563
"05A20424",65042
"01A20865",39128
"04A20962",32360
"03A21580",27657
"01A21981",48963
"07A22924",49086
"04A23507",68242
"08A23881",88909
"05A24507",21960
"04A25191",87633
"02A25700",40568
"07A26058",53065
"03A26539",32163
"04A26542",68933
"02A26709",106967
"01A26829",24280
"07A27129",30791
"01A27339",52315
"05A27517",69823
"03A27971",29034
"01A28171",35826
"04A28218",44971
"06A29131",22719
"06A29142",64318
"09A29537",53234
"07A29834",55721
"03A29945",51594
"05A30415",28174
"04A30444",65077
"07A30966",49522
"04A31271",47214
"05A31417",44268
"03A31492",117602
"01A31502",25233
"07A31529",38046
"02A31736",74591
"08A31753",40643
"03A31904",48269
"06A31917",40308
"06A32312",103287
"01A32485",91580
"04A32609",122045
"01A32855",25551
"01A33273",57688
"09A33447",18293
"06A33506",28904
"08A33735",57979
"09A34101",32617
"02A34487",31842
"01A34639",37113
"05A34697",40103
"01A34725",39820
"06A34755",46108
"07A35210",21367
"06A35274",35742
"03A35308",62061
"00A35569",58472
"03A35875",45996
"07A36298",37448
"08A36302",35776
"03A36434",69008
"01A36706",25867
"01A36733",48685
"03A36861",41049
"04A37293",49322
"03A37716",82998
"03A38856",18974
"06A39115",40511
"01A39626",19588
"04A40996",34472
"04A41633",52585
"05A42123",29876
"04A42409",61086
"03A43907",56423
"04A43960",62981
"02A44047",23618
"08A44490",19113
"03A44684",45041
"08A45171",51911
"06A45782",69995
"01A45889",50212
"05A46091",23063
"05A46561",43270
"00A46568",31639
"03A46579",54290
"07A47077",48362
"07A47290",38289
"03A47346",40907
"01A49096",50158
"04A49108",25393
"03A49273",27304
"00A49724",28832
"02A50137",30045
"02A50598",59403
"06A50739",56227
"06A51492",29838
"01A51666",46019
"01A51767",33491
"02A51811",85147
"01A51824",40736
"05A52132",50220
"06A52325",41310
"08A52437",19547
"03A52706",27787
"07A54097",41162
"06A54179",37434
"06A54639",32315
"02A55371",60821
"05A55439",19169
"01A55798",40739
"04A55948",37180
"03A56319",41497
"02A56648",78157
"02A57235",20437
"06A57279",41130
"08A57673",33078
"02A57705",60755
"03A58112",39188
"02A58359",34456
"02A58680",20987
"01A59189",24835
"03A59357",40332
"06A59405",34614
"08A59416",41808
"03A59612",51281
"00A59613",22455
"01A59969",33380
"02A60504",110352
"08A60611",56960
"07A60740",27982
"01A60747",49706
"09A60854",36288
"04A60936",42825
"02A61204",76287
"05A62605",36638
"06A62776",31786
"02A62964",39834
"03A63135",46523
"02A63430",42385
"07A63482",49333
"09A63790",28357
"05A63974",45894
"08A64144",55341
"01A64579",38751
"06A64681",86273
"08A65140",41088
"01A65401",41053
"02A66459",43916
"05A66683",48160
"04A66755",31228
"01A66769",49827
"09A67161",44986
"06A67297",33210
"08A67805",30322
"07A68134",57876
"05A68256",40614
"02A68375",36835
"06A68891",44262
"02A69583",60125
"06A70120",20356
"05A70515",95788
"01A71753",95498
"06A71873",58111
"04A72391",28531
"04A72488",30559
"02A72756",37238
"08A73191",43195
"01A73713",77612
"08A74022",25499
"03A75275",31945
"03A75433",67272
"04A75564",50541
"07A76666",59519
"02A76867",39558
"08A77506",85470
"05A77728",29182
"02A77984",61953
"08A79142",36062
"01A79427",60347
"02A79625",39824
"02A79829",18988
"05A80174",44804
"04A80540",42215
"08A80541",21830
"07A81632",27721
"07A82149",43261
"05A82281",41387
"01A82406",55432
"06A82504",25384
"08A82671",61473
"07A82675",33048
"06A82863",40220
"06A83475",38895
"05A83533",56033
"04A83812",42104
"07A84980",48124
"02A84981",20528
"03A85659",50361
"03A86277",24423
"06A86432",28930
"08A86865",50618
"01A87589",27861
"04A87768",53021
"05A87849",56445
"01A88144",86576
"00A88388",16917
"00A88698",92528
"08A89000",19833
"02A89866",49000
"04A89905",38305
"06A90206",37032
"05A90246",51997
"02A90318",46673
"03A90393",37706
"06A90459",43696
"02A90476",53103
"05A90725",32121
"04A90733",34601
"05A90754",49086
"01A90762",39813
"00A90800",26463
"03A90971",21576
"06A91257",74671
"02A91653",61830
"09A91674",64653
"01A91746",20433
"05A92034",28059
"03A92176",60317
"01A93414",49440
"01A93455",57466
"05A93672",20496
"05A94123",23376
"06A94166",41467
"06A94685",48502
"04A94698",34055
"04A94759",33085
"03A95256",70387
"09A95627",51936
"01A95681",84040
"05A95816",20543
"02A95907",103980
"05A96142",38611
"07A96223",54317
"06A96351",48565
"07A97531",38804
"08A97943",60474
"01A98005",76198
"07A98321",67136
"07A98488",94856
"02A98529",55510
"06A98701",59324
"08A98915",29553
"07A99365",45312
"02A99603",41375
"02A99649",59883
"01A99943",34604
"5A100205",29373
"4A100620",60392
"2A100811",33756
"6A101067",31996
"1A101779",19277
"1A102397",56247
"4A102483",60265
"6A102957",47602
"4A103327",22169
"2A104388",31319
"9A104520",32521
"8A104528",37775
"2A104530",31436
"2A105610",82900
"3A105984",26340
"5A106034",16300
"2A106080",34384
"4A106198",37769
"7A106497",39858
"9A106569",48733
"7A107033",52823
"5A107043",48278
"9A107396",24516
"2A107872",43474
"7A108339",66542
"3A108830",52051
"4A109400",37020
"2A109488",40401
"2A109698",46652
"8A110034",35355
"8A110079",40692
"4A110408",41032
"5A110931",39207
"4A111075",53855
"9A111301",20541
"1A111413",32204
"7A111440",69707
"2A111458",40780
"1A111534",32937
"3A112978",21934
"3A113042",79121
"0A113059",24838
"2A113610",23612
"6A114036",62034
"1A114431",49804
"8A114494",38643
"6A114585",42629
"6A114661",31363
"4A115645",32508
"4A116186",40403
"1A116212",45220
"1A116905",34124
"8A117390",19849
"1A117891",41008
"6A118083",80912
"2A118611",48246
"7A118660",47985
"1A119544",47268
"7A119575",64314
"7A119763",53162
"3A119827",63098
"2A120469",51469
"5A120606",25788
"2A120623",54596
"5A120846",39528
"6A121253",52254
"9A121496",90523
"3A121933",57895
"3A122188",34850
"6A122465",34792
"3A123174",49323
"6A123610",51933
"7A123744",53654
"5A124143",35364
"3A124815",49712
"3A125738",81995
"5A126557",18509
"1A127012",47530
"2A127086",32431
"1A127184",35708
"1A127468",84023
"1A127718",44862
"3A127827",52789
"9A128770",51116
"1A129387",42941
"6A129566",38378
"6A129599",60815
"6A129877",52329
"8A129945",34861
"5A130033",26316
"3A130086",47544
"3A130153",54884
"6A130308",19798
"5A130675",62175
"7A130697",80027
"5A131448",56344
"3A131542",28512
"5A131646",85251
"5A131876",83968
"3A131917",57922
"6A132023",34561
"7A132244",62163
"1A132454",60264
"6A132578",44772
"8A132935",47578
"6A133058",55162
"8A133217",40791
"4A133696",34442
"2A133722",35255
"8A133767",28151
"7A134110",59524
"9A134305",42157
"2A135114",20897
"4A135146",54231
"3A135193",39742
"5A135418",32323
"4A136155",58480
"4A136333",41348
"8A136409",49384
"8A136456",45939
"7A136650",33658
"5A136922",42959
"2A137164",54429
"3A137401",48952
"5A138062",51489
"8A138332",58275
"5A138486",40950
"7A139830",40027
"8A140030",76439
"5A140532",85478
"5A141540",48668
"4A141604",62658
"5A141704",33173
"8A141761",63703
"5A141937",38207
"6A142180",27471
"4A142689",23079
"7A142775",30840
"6A142916",87632
"7A143675",79916
"2A143947",45003
"0A144121",58624
"8A144733",36227
"9A144734",39390
"1A145316",25493
"1A145785",46013
"8A145790",40984
"7A145857",29759
"3A146208",62297
"1A146306",36514
"8A146327",48588
"7A146646",42388
"4A147040",49385
"7A147068",57681
"3A147624",38950
"6A148969",39074
"4A149066",31542
"1A149181",38788
"1A149239",78011
"3A149484",19084
"4A149790",21841
"8A150080",57755
"4A150084",37548
"1A150168",45739
"1A150450",42368
"1A150895",18497
"8A150985",29280
"2A151065",43213
"6A151169",19088
"2A151297",58630
"1A151585",40044
"7A152574",64559
"5A152783",41365
"2A153779",22912
"5A153857",38224
"7A154339",49886
"3A154413",70455
"8A154417",38384
"8A154761",29663
"7A154959",84215
"2A155037",38220
"7A156239",55598
"2A156466",34674
"4A157053",83117
"7A157103",22444
"3A158091",102359
"6A158093",47438
"5A158478",50648
"6A158553",28373
"8A158864",89105
"5A158949",25092
"8A159584",76158
"8A159623",29476
"5A159633",101804
"8A159679",74181
"1A160019",49811
"4A160025",57351
"4A160177",55380
"4A160441",27932
"4A160546",108299
"7A160859",33993
"7A161246",42404
"2A161263",34745
"7A161390",74705
"6A161734",68830
"4A161815",59870
"7A162077",45524
"8A162836",58810
"1A163198",36592
"7A163774",65598
"8A163843",40804
"0A164726",55731
"7A164905",22909
"7A165138",45106
"3A165396",72024
"5A165416",50356
"2A166476",105228
"0A166920",46022
"6A167104",23148
"1A167553",23932
"4A167653",47703
"5A167904",32122
"7A168213",18432
"1A168233",47249
"7A168813",62873
"3A169543",45650
"2A169547",63218
"7A169719",24031
"8A170087",60376
"2A170352",51283
"6A170506",66560
"3A170529",52971
"6A170884",65328
"3A171396",64153
"7A171398",20688
"8A171753",55445
"1A173363",52864
"4A173776",26606
"7A173953",31856
"8A174175",22186
"6A174772",39986
"3A174935",22128
"3A175162",85291
"8A175287",47675
"1A175663",37028
"1A175915",80230
"8A176039",51926
"1A176146",42549
"6A176283",44817
"6A176304",58495
"1A176514",49658
"3A176836",32162
"3A177068",33030
"8A177175",19937
"9A177192",44130
"3A177233",42793
"7A177281",37885
"1A177287",58075
"6A177539",37855
"2A177577",36134
"7A177939",46602
"1A178059",48500
"1A178855",31758
"5A178918",32820
"7A179033",27668
"7A179133",33122
"5A179406",49953
"7A179532",26618
"5A179638",30302
"8A179843",49551
"6A180010",63996
"4A180943",37697
"6A182244",35072
"8A182316",23304
"2A182677",23270
"5A183707",47616
"2A184785",118686
"5A185000",27800
"7A185312",18480
"8A185344",98383
"3A185521",15921
"5A185604",47505
"2A186393",38879
"1A186593",38970
"5A187311",58194
"6A187527",38497
"4A187726",42186
"3A188335",16737
"3A188506",38143
"8A188614",41181
"5A188693",22869
"2A188870",42588
"5A188951",47570
"2A189127",58700
"6A189370",42945
"1A189791",53005
"2A190159",66894
"8A191310",28486
"7A191443",54859
"6A191619",79380
"8A192072",48954
"8A192519",58809
"4A192727",47042
"4A193256",47331
"6A193655",52080
"8A193888",21715
"6A195200",22508
"6A195544",42907
"7A195842",46016
"4A195869",39502
"8A196597",27377
"6A196832",82751
"1A197155",60616
"6A197353",48566
"2A197460",35846
"6A197549",38015
"6A197729",52141
"4A198627",28803
"5A198936",105298
"6A199338",33598
"8A199650",32497
"5A199932",54992
"4A200228",41350
"8A200521",30295
"5A200790",45707
"4A200838",53067
"5A200868",100685
"7A202293",41398
"8A202464",48539
"6A202616",56519
"6A203570",32181
"1A203790",73553
"5A203809",25958
"3A204192",76914
"1A204251",24700
"1A204261",38045
"6A204583",23841
"5A204610",51031
"2A204939",22187
"5A205307",40759
"6A205914",20303
"3A205919",38540
"8A206239",82021
"5A207735",33316
"4A207757",36769
"4A207811",46409
"9A207903",50653
"0A208333",30338
"7A208525",41205
"4A208552",34593
"2A208566",74346
"5A208705",40908
"0A208719",49995
"4A208759",24093
"5A208828",32462
"8A209172",31838
"8A209830",55481
"1A210028",35917
"4A210317",54231
"5A210956",48256
"2A211194",24229
"7A211847",35024
"3A211872",48467
"9A213511",31703
"2A213770",33914
"8A213969",22868
"0A214455",49548
"2A215237",43171
"2A216478",47207
"1A216966",19947
"7A217151",63589
"7A217488",44696
"5A217652",18251
"1A217664",49609
"3A217934",71881
"7A218517",46106
"2A220286",75722
"4A220753",20105
"7A220807",40965
"1A221323",78139
"4A221646",47197
"5A221980",57175
"1A222454",98584
"4A222879",37828
"8A223343",85815
"6A223911",43476
"6A224331",24742
"5A224868",78950
"4A225255",43476
"5A225492",36216
"6A225665",20342
"5A225679",58978
"6A225794",45742
"7A225920",21330
"6A226716",57959
"8A226990",45971
"2A227372",40813
"8A227400",41607
"4A227669",45997
"6A228057",46190
"6A228156",53457
"3A228234",23178
"1A228788",64778
"8A229102",43341
"8A229245",32906
"1A229361",36908
"7A229530",45090
"5A229783",39410
"5A230562",63532
"5A230797",62939
"3A231465",34122
"1A231682",23143
"9A231807",61177
"3A232144",50138
"6A232236",68260
"5A232681",24241
"3A232747",41281
"1A232859",26792
"1A232947",44862
"1A233476",64178
"2A233688",33411
"7A233972",40641
"5A234136",22175
"1A235243",46634
"4A235310",59399
"8A235523",34234
"5A236901",25019
"5A236943",25889
"2A237611",35108
"5A237650",39103
"2A237703",67584
"2A237853",40506
"2A238000",38728
"6A238313",35036
"8A238761",31137
"4A238786",44835
"5A238796",26578
"6A238850",45803
"4A238914",50168
"3A238935",65554
"6A238943",55626
"3A239971",29791
"2A240098",26563
"6A240303",32905
"4A240728",32235
"5A241518",34281
"5A241575",120186
"1A241667",51470
"8A241919",23824
"2A241967",49475
"0A242020",25470
"2A242674",78813
"8A242855",41718
"4A243640",43649
"2A244437",44102
"6A244561",39354
"6A245170",57693
"6A245386",91082
"7A245516",41550
"2A245533",68875
"8A245565",40640
"4A245788",95981
"5A245950",53326
"7A245969",46534
"1A246257",48575
"1A246807",65001
"2A247453",49422
"4A247753",29146
"1A247820",40666
"8A247832",52524
"2A247911",26413
"2A248939",40626
"1A249255",100840
"7A249329",28671
"4A249442",46103
"6A249645",41525
"8A249755",52949
"3A249812",32892
